"Address","GalleryName","Website"
,"","http://www.orangesmile.com/travelguide/les-escaldes/photo-gallery.htm"
,"The Top Art Galleries in Andorra","https://theculturetrip.com/europe/andorra/articles/the-top-art-galleries-in-andorra/"
,"???? Hotel Eureka, Andorra la Vella, Andorra","https://www.booking.com/hotel/ad/eureka.html"
"","Galeria Pilar Riberaygua",""
"","Gallery Andorra",""
"No reviews · Art Gallery Carrer de la Borda, 5","Espai d'Art",""
"","",""
,"Art galleries in Andorra la Vella","https://visitandorra.com/en/culture/culture-art-galleries-andorra-la-vella/"
,"The Top Art Galleries in Andorra","https://theculturetrip.com/europe/andorra/articles/the-top-art-galleries-in-andorra/"
,"Business conditions in Andorra for private art galleries, including taxation, are more favorable than in other EU countries, says the owner of the new Andorran art gallery Francisco Herreros • ALL ANDORRA","https://all-andorra.com/business-conditions-in-andorra-for-private-art-galleries/"
,"","http://www.orangesmile.com/travelguide/andorra-la-vella/photo-gallery.htm"
,"","https://www.yellowpages.ae/c/advs/umm-al-quwain/art-galleries-dealers.html"
"","Home Choice Gallery",""
"","Paris Gallery",""
"","Home Gallery Furniture",""
"","",""
,"","http://www.orangesmile.com/travelguide/ra-s-al-khaymah/photo-gallery.htm"
,"Where to stay in Ras Al Khaimah: gallery","https://www.telegraph.co.uk/sponsored/travel/ras-al-khaimah/11961059/hotels-in-ras-al-khaimah.html"
,"10 Must-See Contemporary Art Galleries in Dubai","https://theculturetrip.com/middle-east/united-arab-emirates/articles/dubai-s-10-best-galleries-climbing-the-heights-of-great-art/"
,"THE 10 BEST Dubai Art Galleries (with Photos) - TripAdvisor","https://www.tripadvisor.com/Attractions-g295424-Activities-c49-t1-Dubai_Emirate_of_Dubai.html"
,"Dubai Art Galleries - Art Dubai","http://www.artdubai.ae/galleries/"
,"Six of the best Art Galleries in Dubai","https://lovindubai.com/best-of/six-of-the-best-art-galleries-in-dubai"
,"Art Galleries in Dubai - Art and Culture in Dubai","https://www.visitdubai.com/en/articles/gallery-hopping"
,"Where to find the best art galleries in Dubai","http://whatson.ae/dubai/2018/09/where-to-find-the-best-art-galleries-in-dubai/"
,"Discover the Best Art Galleries in Dubai (2019)","https://www.edarabia.com/art-galleries/dubai/"
,"The 10 Best Art Galleries to Visit in Dubai","https://www.expatwoman.com/dubai/guide/discover-dubai/10-best-art-galleries-to-visit-in-dubai"
,"Dubai's top museums and galleries - Lonely Planet","https://www.lonelyplanet.com/united-arab-emirates/dubai/things-to-do/dubai-s-top-museums-and-galleries"
,"Sharjah’s Must-See Contemporary Art Galleries And Museums","https://theculturetrip.com/middle-east/united-arab-emirates/articles/sharjah-s-must-see-contemporary-art-galleries-and-museums/"
,"","https://www.sharjah.com/v/galleries/"
,"THE 5 BEST Sharjah Art Galleries (with Photos) - TripAdvisor","https://www.tripadvisor.com/Attractions-g298064-Activities-c49-t1-Sharjah_Emirate_of_Sharjah.html"
,"THE 5 BEST Emirate of Sharjah Art Galleries (with Photos) - TripAdvisor","https://www.tripadvisor.com/Attractions-g2630224-Activities-c49-t1-Emirate_of_Sharjah.html"
,"","http://myartguides.com/art-spaces/galleries/green-art-gallery/"
,"","http://www.orangesmile.com/travelguide/sharjah/photo-gallery.htm"
,"","http://www.orangesmile.com/travelguide/fujairah/photo-gallery.htm"
,"Fujairah Hotel & Resort, Fujairah, UAE","https://www.booking.com/hotel/ae/fujairah-amp-resort.html"
"","Art Gallery Alain Lacaze",""
"","Atelier Galerie A.Piroir",""
"New York, NY","Marianne Boesky Gallery",""
,"Al Qattara Arts Centre","https://visitabudhabi.ae/en/see.and.do/attractions.and.landmarks/cultural.attractions/al.qattara.arts.centre.aspx"
,"Abu Dhabi’s Must-See Art Galleries | Contemporary Art In UAE","https://theculturetrip.com/middle-east/united-arab-emirates/articles/abu-dhabi-s-must-see-art-galleries-contemporary-art-in-uae/"
,"Galerie Alain Lacaze | Art galleries - Québec City | QuébecOriginal","https://www.quebecoriginal.com/en-us/listing/things-to-do/heritage-sites-and-attractions/art-galleries/galerie-alain-lacaze-9345256"
,"Abu Dhabi’s Must-See Art Galleries | Contemporary Art In UAE","https://theculturetrip.com/middle-east/united-arab-emirates/articles/abu-dhabi-s-must-see-art-galleries-contemporary-art-in-uae/"
,"THE 10 BEST Abu Dhabi Art Galleries (with Photos) - TripAdvisor","https://www.tripadvisor.com/Attractions-g294013-Activities-c49-t1-Abu_Dhabi_Emirate_of_Abu_Dhabi.html"
,"Wander Abu Dhabi's top art galleries","https://www.luxos.com/abu-dhabi/things-to-do/7053-wander-abu-dhabi-s-top-art-galleries"
,"","https://www.abudhabi.com/v/galleries/"
,"Home | Etihad Modern Art Gallery in Abu Dhabi, United Arab Emirates","https://etihadmodernart.com/"
,"Zaranj Photos, New Market, Kolkata- Pictures & Images Gallery - Justdial","https://www.justdial.com/Kolkata/Zaranj-Near-Indian-Museum-Dharmatala-New-Market/033PXX33-XX33-110311174821-F3T8_BZDET/photos"
,"Modena Art Gallery","https://foursquare.com/v/modena-art-gallery/56c0981bcd104a6dc159eda8"
